warehouse_id,location_id,capacity_sqm,operational_cost_per_day
WH-IN-0001,LOC-IN-38966,1625,980.41
WH-IN-0002,LOC-IN-25063,7934,3059.61
WH-IN-0003,LOC-IN-33311,3560,3934.56
WH-IN-0004,LOC-IN-44913,8929,3972.96
WH-IN-0005,LOC-IN-42130,2700,3326.3
WH-IN-0006,LOC-IN-04366,1213,2068.91
WH-IN-0007,LOC-IN-01867,3334,1628.82
WH-IN-0008,LOC-IN-39153,8665,3229.34
WH-IN-0009,LOC-IN-21088,5601,4331.07
WH-IN-0010,LOC-IN-43058,3257,2652.55
WH-IN-0011,LOC-IN-04874,7136,1410.96
WH-IN-0012,LOC-IN-41769,8913,4445.4
WH-IN-0013,LOC-IN-49340,3896,4876.48
WH-IN-0014,LOC-IN-15680,9550,1720.43
WH-IN-0015,LOC-IN-26311,6493,2593.71
WH-IN-0016,LOC-IN-27396,1142,1899.77
WH-IN-0017,LOC-IN-11752,5851,1875.88
WH-IN-0018,LOC-IN-14286,5524,1002.88
WH-IN-0019,LOC-IN-24371,1965,4478.18
WH-IN-0020,LOC-IN-40561,6154,2382.35
WH-IN-0021,LOC-IN-13023,7319,1661.74
WH-IN-0022,LOC-IN-21788,1356,3748.76
WH-IN-0023,LOC-IN-17067,5583,4452.54
WH-IN-0024,LOC-IN-17324,8411,786.75
WH-IN-0025,LOC-IN-01801,3741,3943.53
WH-IN-0026,LOC-IN-48415,9499,2517.63
WH-IN-0027,LOC-IN-34290,3075,4130.39
WH-IN-0028,LOC-IN-45536,2617,4094.55
WH-IN-0029,LOC-IN-20783,4928,4943.82
WH-IN-0030,LOC-IN-41419,5027,2060.82
WH-IN-0031,LOC-IN-28760,3240,2695.42
WH-IN-0032,LOC-IN-46305,5099,4833.71
WH-IN-0033,LOC-IN-35905,2975,2942.26
WH-IN-0034,LOC-IN-01760,5409,3931.43
WH-IN-0035,LOC-IN-30023,3978,4260.84
WH-IN-0036,LOC-IN-46437,1072,1933.07
WH-IN-0037,LOC-IN-10044,7697,3910.86
WH-IN-0038,LOC-IN-49783,4265,1338.95
WH-IN-0039,LOC-IN-40036,1770,3250.44
WH-IN-0040,LOC-IN-44024,4132,1695.17
WH-IN-0041,LOC-IN-22316,8706,1125.99
WH-IN-0042,LOC-IN-36371,7169,4615.49
WH-IN-0043,LOC-IN-14888,8061,3612.41
WH-IN-0044,LOC-IN-37752,1330,3669.5
WH-IN-0045,LOC-IN-41123,606,3480.35
WH-IN-0046,LOC-IN-11343,3284,1245.7
WH-IN-0047,LOC-IN-30957,5651,4342.05
WH-IN-0048,LOC-IN-29462,1768,1079.55
WH-IN-0049,LOC-IN-12020,5267,4393.61
WH-IN-0050,LOC-IN-09752,9775,4168.89
WH-IN-0051,LOC-IN-24177,3486,3448.35
WH-IN-0052,LOC-IN-31773,4285,2788.63
WH-IN-0053,LOC-IN-07009,5599,2650.91
WH-IN-0054,LOC-IN-12602,5430,1080.05
WH-IN-0055,LOC-IN-29359,6962,502.01
WH-IN-0056,LOC-IN-04686,4547,825.5
WH-IN-0057,LOC-IN-25623,8276,4405.01
WH-IN-0058,LOC-IN-38400,6823,3562.91
WH-IN-0059,LOC-IN-25497,7371,1885.91
WH-IN-0060,LOC-IN-28572,2404,2403.1
WH-IN-0061,LOC-IN-04108,2460,4692.11
WH-IN-0062,LOC-IN-30531,7953,2111.78
WH-IN-0063,LOC-IN-18828,6392,4552.48
WH-IN-0064,LOC-IN-41973,4457,3845.39
WH-IN-0065,LOC-IN-15686,3959,2742.09
WH-IN-0066,LOC-IN-12581,8567,1206.24
WH-IN-0067,LOC-IN-37329,9823,4353.49
WH-IN-0068,LOC-IN-45831,5912,3416.38
WH-IN-0069,LOC-IN-11637,9049,897.98
WH-IN-0070,LOC-IN-45115,1209,3253.58
WH-IN-0071,LOC-IN-11041,7066,1949.05
WH-IN-0072,LOC-IN-33556,7529,1465.77
WH-IN-0073,LOC-IN-22182,8830,3687.8
WH-IN-0074,LOC-IN-46419,5098,2308.09
WH-IN-0075,LOC-IN-20388,8679,4299.42
WH-IN-0076,LOC-IN-11609,7470,2957.05
WH-IN-0077,LOC-IN-08615,3418,1576.19
WH-IN-0078,LOC-IN-02713,1151,4071.03
WH-IN-0079,LOC-IN-47564,7531,4101.25
WH-IN-0080,LOC-IN-24041,5815,1681.0
WH-IN-0081,LOC-IN-48668,5559,3448.58
WH-IN-0082,LOC-IN-34634,504,1798.98
WH-IN-0083,LOC-IN-02801,7206,564.82
WH-IN-0084,LOC-IN-03289,1962,1531.58
WH-IN-0085,LOC-IN-31897,9932,2303.81
WH-IN-0086,LOC-IN-00121,6393,4163.81
WH-IN-0087,LOC-IN-08700,6206,3621.57
WH-IN-0088,LOC-IN-23473,4546,4253.95
WH-IN-0089,LOC-IN-47616,6752,4503.06
WH-IN-0090,LOC-IN-46547,1060,2376.59
WH-IN-0091,LOC-IN-43278,2088,4670.17
WH-IN-0092,LOC-IN-16624,9949,1844.32
WH-IN-0093,LOC-IN-15336,7558,4351.28
WH-IN-0094,LOC-IN-31781,9102,2700.94
WH-IN-0095,LOC-IN-38214,8439,1194.17
WH-IN-0096,LOC-IN-35805,9589,1653.65
WH-IN-0097,LOC-IN-10278,4783,2721.13
WH-IN-0098,LOC-IN-40756,1873,2666.59
WH-IN-0099,LOC-IN-41591,5773,2175.08
WH-IN-0100,LOC-IN-47336,7847,1737.12
WH-IN-0101,LOC-IN-17870,922,2460.89
WH-IN-0102,LOC-IN-27887,3441,4557.68
WH-IN-0103,LOC-IN-39797,2991,3199.94
WH-IN-0104,LOC-IN-32798,3308,2428.51
WH-IN-0105,LOC-IN-36192,7972,4306.64
WH-IN-0106,LOC-IN-06504,2049,2056.94
WH-IN-0107,LOC-IN-03237,8835,2062.15
WH-IN-0108,LOC-IN-36873,8453,601.57
WH-IN-0109,LOC-IN-23912,1088,3978.62
WH-IN-0110,LOC-IN-10778,1709,3845.75
WH-IN-0111,LOC-IN-00660,9404,2454.99
WH-IN-0112,LOC-IN-34216,8531,3578.85
WH-IN-0113,LOC-IN-22469,2522,3952.53
WH-IN-0114,LOC-IN-24696,7072,1118.47
WH-IN-0115,LOC-IN-34673,8272,2155.24
WH-IN-0116,LOC-IN-25428,1844,669.43
WH-IN-0117,LOC-IN-23776,1025,2754.65
WH-IN-0118,LOC-IN-04092,7811,1343.08
WH-IN-0119,LOC-IN-14984,2161,3757.22
WH-IN-0120,LOC-IN-12444,4948,2658.72
WH-IN-0121,LOC-IN-25677,4580,787.37
WH-IN-0122,LOC-IN-47020,3262,4781.35
WH-IN-0123,LOC-IN-32835,4745,2156.66
WH-IN-0124,LOC-IN-14117,541,935.93
WH-IN-0125,LOC-IN-32212,8089,4302.46
WH-IN-0126,LOC-IN-09663,9712,2144.34
WH-IN-0127,LOC-IN-13986,4040,4903.61
WH-IN-0128,LOC-IN-08281,2005,4968.38
WH-IN-0129,LOC-IN-19584,7646,2911.35
WH-IN-0130,LOC-IN-32501,3962,1384.66
WH-IN-0131,LOC-IN-04052,6865,3705.64
WH-IN-0132,LOC-IN-38846,6960,1784.4
WH-IN-0133,LOC-IN-38951,6844,3529.98
WH-IN-0134,LOC-IN-46465,9603,4705.33
WH-IN-0135,LOC-IN-04743,3649,1901.34
WH-IN-0136,LOC-IN-12101,7718,2577.4
WH-IN-0137,LOC-IN-42254,7084,3152.79
WH-IN-0138,LOC-IN-08692,3640,4917.98
WH-IN-0139,LOC-IN-00104,6050,2620.94
WH-IN-0140,LOC-IN-32913,2927,1506.08
WH-IN-0141,LOC-IN-04447,4364,1960.54
WH-IN-0142,LOC-IN-25145,1899,3356.82
WH-IN-0143,LOC-IN-15107,9428,4411.26
WH-IN-0144,LOC-IN-47167,1663,2602.13
WH-IN-0145,LOC-IN-38531,4071,2235.1
WH-IN-0146,LOC-IN-20664,7392,630.9
WH-IN-0147,LOC-IN-42498,6456,2945.42
WH-IN-0148,LOC-IN-31888,3006,2990.69
WH-IN-0149,LOC-IN-02940,5221,2427.36
WH-IN-0150,LOC-IN-36672,7905,4646.35
WH-IN-0151,LOC-IN-47647,4380,3719.86
WH-IN-0152,LOC-IN-31071,3763,2526.74
WH-IN-0153,LOC-IN-46737,2934,2481.53
WH-IN-0154,LOC-IN-47502,1385,2003.79
WH-IN-0155,LOC-IN-34685,1524,3591.18
WH-IN-0156,LOC-IN-16424,9879,2268.67
WH-IN-0157,LOC-IN-30819,3863,2656.18
WH-IN-0158,LOC-IN-35769,9713,888.04
WH-IN-0159,LOC-IN-03550,5383,4850.73
WH-IN-0160,LOC-IN-40132,2049,737.94
WH-IN-0161,LOC-IN-35559,8440,2909.94
WH-IN-0162,LOC-IN-24334,4329,4742.51
WH-IN-0163,LOC-IN-02936,1164,567.3
WH-IN-0164,LOC-IN-36075,6038,2888.48
WH-IN-0165,LOC-IN-35475,9864,3172.43
WH-IN-0166,LOC-IN-29550,5114,4443.03
WH-IN-0167,LOC-IN-32171,5259,950.85
WH-IN-0168,LOC-IN-39518,7206,4106.89
WH-IN-0169,LOC-IN-33170,5177,2257.46
WH-IN-0170,LOC-IN-44902,9256,2901.83
WH-IN-0171,LOC-IN-17879,823,3618.86
WH-IN-0172,LOC-IN-25477,8828,4419.6
WH-IN-0173,LOC-IN-22081,4967,720.81
WH-IN-0174,LOC-IN-03108,997,1687.89
WH-IN-0175,LOC-IN-22135,5089,3990.36
WH-IN-0176,LOC-IN-05084,7121,2210.35
WH-IN-0177,LOC-IN-05195,6487,4749.37
WH-IN-0178,LOC-IN-05187,9403,3260.59
WH-IN-0179,LOC-IN-04645,3481,4536.31
WH-IN-0180,LOC-IN-05332,7667,2826.87
WH-IN-0181,LOC-IN-10393,3759,858.6
WH-IN-0182,LOC-IN-44759,8232,2658.39
WH-IN-0183,LOC-IN-36387,2495,3789.18
WH-IN-0184,LOC-IN-03540,5907,2382.07
WH-IN-0185,LOC-IN-04699,3400,519.36
WH-IN-0186,LOC-IN-23062,8837,4003.9
WH-IN-0187,LOC-IN-14918,1884,2697.97
WH-IN-0188,LOC-IN-28496,4127,698.42
WH-IN-0189,LOC-IN-24071,6273,4176.72
WH-IN-0190,LOC-IN-13552,4886,4516.68
WH-IN-0191,LOC-IN-48294,3193,3212.92
WH-IN-0192,LOC-IN-36783,8395,3451.53
WH-IN-0193,LOC-IN-38201,3700,3467.97
WH-IN-0194,LOC-IN-21451,4530,691.48
WH-IN-0195,LOC-IN-31280,2450,1405.83
WH-IN-0196,LOC-IN-13303,9115,4090.52
WH-IN-0197,LOC-IN-48476,7976,2793.23
WH-IN-0198,LOC-IN-19252,4830,689.46
WH-IN-0199,LOC-IN-23448,7282,2396.68
WH-IN-0200,LOC-IN-34212,4118,1740.09
WH-IN-0201,LOC-IN-24904,1243,976.17
WH-IN-0202,LOC-IN-05925,1757,3387.82
WH-IN-0203,LOC-IN-37516,2008,3702.26
WH-IN-0204,LOC-IN-18906,723,4861.89
WH-IN-0205,LOC-IN-39012,8410,2525.24
WH-IN-0206,LOC-IN-20139,8391,2406.06
WH-IN-0207,LOC-IN-14254,4893,3482.46
WH-IN-0208,LOC-IN-21747,9404,3146.71
WH-IN-0209,LOC-IN-24754,1411,4926.53
WH-IN-0210,LOC-IN-02867,8300,1740.26
WH-IN-0211,LOC-IN-22301,8164,1900.33
WH-IN-0212,LOC-IN-00605,2384,4345.09
WH-IN-0213,LOC-IN-15623,8110,1329.01
WH-IN-0214,LOC-IN-39026,2586,3786.03
WH-IN-0215,LOC-IN-36606,8471,2647.52
WH-IN-0216,LOC-IN-30626,5764,4561.42
WH-IN-0217,LOC-IN-23248,2592,509.36
WH-IN-0218,LOC-IN-38952,8190,4693.87
WH-IN-0219,LOC-IN-28261,3765,2065.78
WH-IN-0220,LOC-IN-10315,7475,2913.69
WH-IN-0221,LOC-IN-01590,9893,1912.35
WH-IN-0222,LOC-IN-23573,8497,4178.01
WH-IN-0223,LOC-IN-47088,9225,703.07
WH-IN-0224,LOC-IN-10689,535,4047.44
WH-IN-0225,LOC-IN-44901,9633,4085.08
WH-IN-0226,LOC-IN-39664,7719,2191.19
WH-IN-0227,LOC-IN-00592,811,1960.69
WH-IN-0228,LOC-IN-04190,4109,839.54
WH-IN-0229,LOC-IN-20890,5120,1224.53
WH-IN-0230,LOC-IN-46923,6555,1208.11
WH-IN-0231,LOC-IN-37025,2571,1495.39
WH-IN-0232,LOC-IN-42982,4977,3810.77
WH-IN-0233,LOC-IN-19848,9062,2714.67
WH-IN-0234,LOC-IN-32990,6603,4768.9
WH-IN-0235,LOC-IN-29557,8466,2302.07
WH-IN-0236,LOC-IN-23105,4896,993.13
WH-IN-0237,LOC-IN-05113,7252,3913.66
WH-IN-0238,LOC-IN-36419,7392,1652.17
WH-IN-0239,LOC-IN-47931,4187,4252.78
WH-IN-0240,LOC-IN-21532,2572,1608.51
WH-IN-0241,LOC-IN-09406,9482,3556.96
WH-IN-0242,LOC-IN-36150,9129,2798.39
WH-IN-0243,LOC-IN-10971,3103,4695.8
WH-IN-0244,LOC-IN-34195,2814,624.67
WH-IN-0245,LOC-IN-02017,5214,4032.42
WH-IN-0246,LOC-IN-12091,4514,2320.72
WH-IN-0247,LOC-IN-30891,7816,1911.91
WH-IN-0248,LOC-IN-22648,3061,1683.0
WH-IN-0249,LOC-IN-18267,6874,954.78
WH-IN-0250,LOC-IN-27733,7482,788.15
WH-IN-0251,LOC-IN-10144,5663,4923.63
WH-IN-0252,LOC-IN-20703,1849,1490.9
WH-IN-0253,LOC-IN-34001,5681,1963.79
WH-IN-0254,LOC-IN-40799,2533,2043.56
WH-IN-0255,LOC-IN-01751,2313,1257.63
WH-IN-0256,LOC-IN-31148,7037,4067.51
WH-IN-0257,LOC-IN-13873,6509,2245.12
WH-IN-0258,LOC-IN-24225,3252,1819.69
WH-IN-0259,LOC-IN-24115,2173,3777.58
WH-IN-0260,LOC-IN-39648,8575,800.14
WH-IN-0261,LOC-IN-13952,9115,2203.5
WH-IN-0262,LOC-IN-38956,9607,2851.12
WH-IN-0263,LOC-IN-08286,1759,3508.09
WH-IN-0264,LOC-IN-27560,2818,3169.22
WH-IN-0265,LOC-IN-39241,2364,1404.57
WH-IN-0266,LOC-IN-41471,4444,4160.19
WH-IN-0267,LOC-IN-00732,9500,3689.83
WH-IN-0268,LOC-IN-46758,1483,607.96
WH-IN-0269,LOC-IN-42787,2111,869.85
WH-IN-0270,LOC-IN-41956,9099,4870.91
WH-IN-0271,LOC-IN-44484,4076,2119.11
WH-IN-0272,LOC-IN-21775,2090,1282.51
WH-IN-0273,LOC-IN-26480,3792,4791.96
WH-IN-0274,LOC-IN-47991,998,4952.68
WH-IN-0275,LOC-IN-35086,6057,909.55
WH-IN-0276,LOC-IN-17299,5447,1330.79
WH-IN-0277,LOC-IN-30141,5531,4014.74
WH-IN-0278,LOC-IN-12181,5880,3952.8
WH-IN-0279,LOC-IN-26469,7789,1296.99
WH-IN-0280,LOC-IN-30632,2325,1733.28
WH-IN-0281,LOC-IN-04311,3104,3109.14
WH-IN-0282,LOC-IN-00534,603,4634.8
WH-IN-0283,LOC-IN-18467,5439,2782.04
WH-IN-0284,LOC-IN-02758,8053,4544.89
WH-IN-0285,LOC-IN-08440,1579,3564.25
WH-IN-0286,LOC-IN-14043,6448,747.26
WH-IN-0287,LOC-IN-47202,5279,1706.21
WH-IN-0288,LOC-IN-02595,8304,3195.0
WH-IN-0289,LOC-IN-14085,3799,4209.81
WH-IN-0290,LOC-IN-41126,6073,3418.57
WH-IN-0291,LOC-IN-36703,2230,803.37
WH-IN-0292,LOC-IN-46952,5287,3786.3
WH-IN-0293,LOC-IN-16558,1444,1697.59
WH-IN-0294,LOC-IN-46354,584,4306.56
WH-IN-0295,LOC-IN-28020,6640,2013.98
WH-IN-0296,LOC-IN-48318,8219,4568.69
WH-IN-0297,LOC-IN-47698,1926,3073.17
WH-IN-0298,LOC-IN-34692,1884,4064.83
WH-IN-0299,LOC-IN-15758,8261,3795.37
WH-IN-0300,LOC-IN-24478,7431,2143.8
WH-IN-0301,LOC-IN-37570,5792,1963.5
WH-IN-0302,LOC-IN-27962,6445,4413.79
WH-IN-0303,LOC-IN-09161,4308,1203.06
WH-IN-0304,LOC-IN-41604,1179,1952.23
WH-IN-0305,LOC-IN-29130,2444,3865.2
WH-IN-0306,LOC-IN-21796,4162,1135.33
WH-IN-0307,LOC-IN-08360,7862,1887.53
WH-IN-0308,LOC-IN-43919,5584,3204.83
WH-IN-0309,LOC-IN-34517,1651,3029.87
WH-IN-0310,LOC-IN-03954,6198,554.95
WH-IN-0311,LOC-IN-23650,1823,707.8
WH-IN-0312,LOC-IN-11736,6771,2007.4
WH-IN-0313,LOC-IN-44095,1148,1498.89
WH-IN-0314,LOC-IN-30694,1395,4899.04
WH-IN-0315,LOC-IN-05295,3683,1666.7
WH-IN-0316,LOC-IN-18759,5519,1949.16
WH-IN-0317,LOC-IN-00831,9516,3910.93
WH-IN-0318,LOC-IN-35649,840,2421.25
WH-IN-0319,LOC-IN-04823,2809,2450.93
WH-IN-0320,LOC-IN-43398,6419,4270.89
WH-IN-0321,LOC-IN-35085,9336,4975.32
WH-IN-0322,LOC-IN-01715,5405,3512.46
WH-IN-0323,LOC-IN-36306,4178,4171.02
WH-IN-0324,LOC-IN-28898,9136,1214.43
WH-IN-0325,LOC-IN-30584,6073,1748.14
WH-IN-0326,LOC-IN-46645,2643,3370.97
WH-IN-0327,LOC-IN-11272,8336,4107.22
WH-IN-0328,LOC-IN-38002,8777,4807.65
WH-IN-0329,LOC-IN-22497,9465,1109.14
WH-IN-0330,LOC-IN-11170,2198,1132.21
WH-IN-0331,LOC-IN-28486,1596,1733.1
WH-IN-0332,LOC-IN-11195,5396,959.6
WH-IN-0333,LOC-IN-37577,7609,4786.88
WH-IN-0334,LOC-IN-39818,9231,4723.04
WH-IN-0335,LOC-IN-29992,5079,4534.45
WH-IN-0336,LOC-IN-34197,5785,2230.82
WH-IN-0337,LOC-IN-01986,3925,2014.81
WH-IN-0338,LOC-IN-20955,9064,3766.78
WH-IN-0339,LOC-IN-07979,4872,4895.88
WH-IN-0340,LOC-IN-05167,9736,3133.48
WH-IN-0341,LOC-IN-44460,732,3189.98
WH-IN-0342,LOC-IN-18482,4388,4008.61
WH-IN-0343,LOC-IN-26598,7615,3658.54
WH-IN-0344,LOC-IN-39342,2201,688.42
WH-IN-0345,LOC-IN-17415,1304,2835.57
WH-IN-0346,LOC-IN-06160,8726,4282.83
WH-IN-0347,LOC-IN-10832,5272,3088.26
WH-IN-0348,LOC-IN-15867,3736,2382.98
WH-IN-0349,LOC-IN-17651,2229,3626.19
WH-IN-0350,LOC-IN-05033,1771,1233.27
WH-IN-0351,LOC-IN-12716,5480,1646.44
WH-IN-0352,LOC-IN-27657,4255,4067.2
WH-IN-0353,LOC-IN-35890,2229,4777.11
WH-IN-0354,LOC-IN-13887,5637,2391.73
WH-IN-0355,LOC-IN-37201,5718,3331.47
WH-IN-0356,LOC-IN-41755,1263,3815.88
WH-IN-0357,LOC-IN-11038,2490,1809.14
WH-IN-0358,LOC-IN-15319,1588,2814.77
WH-IN-0359,LOC-IN-14567,5267,1956.54
WH-IN-0360,LOC-IN-12066,4725,3187.83
WH-IN-0361,LOC-IN-05428,811,1842.65
WH-IN-0362,LOC-IN-43847,3603,1520.97
WH-IN-0363,LOC-IN-02660,1923,4544.81
WH-IN-0364,LOC-IN-37454,4187,1331.37
WH-IN-0365,LOC-IN-26345,1067,3038.37
WH-IN-0366,LOC-IN-11012,7564,1982.12
WH-IN-0367,LOC-IN-35458,9309,1092.1
WH-IN-0368,LOC-IN-46840,7966,2055.57
WH-IN-0369,LOC-IN-36989,8397,3467.78
WH-IN-0370,LOC-IN-42476,9623,2351.5
WH-IN-0371,LOC-IN-09106,5152,2576.8
WH-IN-0372,LOC-IN-08681,9637,4525.06
WH-IN-0373,LOC-IN-07743,4390,3168.63
WH-IN-0374,LOC-IN-47257,3769,1873.92
WH-IN-0375,LOC-IN-14107,9616,4502.64
WH-IN-0376,LOC-IN-39449,4126,1298.75
WH-IN-0377,LOC-IN-04877,6952,1618.44
WH-IN-0378,LOC-IN-24047,8246,4864.74
WH-IN-0379,LOC-IN-35248,5864,4668.95
WH-IN-0380,LOC-IN-46830,4026,2617.53
WH-IN-0381,LOC-IN-22380,983,4699.31
WH-IN-0382,LOC-IN-31720,2940,3838.45
WH-IN-0383,LOC-IN-01279,2221,1890.39
WH-IN-0384,LOC-IN-30432,9564,3713.98
WH-IN-0385,LOC-IN-49704,8470,3217.54
WH-IN-0386,LOC-IN-36633,8005,741.51
WH-IN-0387,LOC-IN-23881,585,4042.0
WH-IN-0388,LOC-IN-29591,7950,1593.36
WH-IN-0389,LOC-IN-19038,4077,3107.25
WH-IN-0390,LOC-IN-27777,8832,3155.89
WH-IN-0391,LOC-IN-38053,3514,2022.0
WH-IN-0392,LOC-IN-32360,1975,3676.42
WH-IN-0393,LOC-IN-24324,7890,4915.35
WH-IN-0394,LOC-IN-10557,2815,3676.04
WH-IN-0395,LOC-IN-27108,3147,4769.53
WH-IN-0396,LOC-IN-35821,1116,3732.07
WH-IN-0397,LOC-IN-01899,7838,3584.29
WH-IN-0398,LOC-IN-43873,1296,3547.66
WH-IN-0399,LOC-IN-14778,1878,526.6
WH-IN-0400,LOC-IN-09670,4011,4248.9
WH-IN-0401,LOC-IN-36520,3662,942.12
WH-IN-0402,LOC-IN-28943,835,4762.18
WH-IN-0403,LOC-IN-09590,4834,1871.58
WH-IN-0404,LOC-IN-12394,8062,3353.26
WH-IN-0405,LOC-IN-31469,2968,1639.37
WH-IN-0406,LOC-IN-30863,8015,3938.15
WH-IN-0407,LOC-IN-19210,5091,4458.91
WH-IN-0408,LOC-IN-29393,8951,783.78
WH-IN-0409,LOC-IN-46090,1141,3939.84
WH-IN-0410,LOC-IN-25658,4623,3741.5
WH-IN-0411,LOC-IN-04732,1458,2517.52
WH-IN-0412,LOC-IN-44626,6858,2907.36
WH-IN-0413,LOC-IN-25266,7107,581.18
WH-IN-0414,LOC-IN-09342,7338,4048.4
WH-IN-0415,LOC-IN-37741,9844,1527.96
WH-IN-0416,LOC-IN-06811,6664,3253.87
WH-IN-0417,LOC-IN-14690,8588,1140.07
WH-IN-0418,LOC-IN-01755,2686,4997.18
WH-IN-0419,LOC-IN-33889,842,1160.83
WH-IN-0420,LOC-IN-28604,9636,1026.12
WH-IN-0421,LOC-IN-46268,7310,4705.96
WH-IN-0422,LOC-IN-42525,4002,3525.86
WH-IN-0423,LOC-IN-45564,5727,4067.72
WH-IN-0424,LOC-IN-45196,4946,592.89
WH-IN-0425,LOC-IN-45615,524,3608.12
WH-IN-0426,LOC-IN-03625,7707,3733.17
WH-IN-0427,LOC-IN-35750,2662,2625.62
WH-IN-0428,LOC-IN-23819,9603,4900.45
WH-IN-0429,LOC-IN-25522,1427,1085.09
WH-IN-0430,LOC-IN-17653,3469,4635.98
WH-IN-0431,LOC-IN-04520,9709,2433.96
WH-IN-0432,LOC-IN-45642,8982,3949.67
WH-IN-0433,LOC-IN-19100,5574,4184.39
WH-IN-0434,LOC-IN-06288,9163,4268.21
WH-IN-0435,LOC-IN-40139,7130,4376.37
WH-IN-0436,LOC-IN-24113,7811,2057.03
WH-IN-0437,LOC-IN-25234,6990,679.64
WH-IN-0438,LOC-IN-31215,7802,1830.09
WH-IN-0439,LOC-IN-37301,1644,4637.86
WH-IN-0440,LOC-IN-22246,1978,3296.8
WH-IN-0441,LOC-IN-14754,4231,4890.81
WH-IN-0442,LOC-IN-28946,7738,725.42
WH-IN-0443,LOC-IN-12104,3777,1174.38
WH-IN-0444,LOC-IN-21934,2229,4838.45
WH-IN-0445,LOC-IN-35825,5644,2540.28
WH-IN-0446,LOC-IN-49320,808,4652.76
WH-IN-0447,LOC-IN-36607,8500,2313.74
WH-IN-0448,LOC-IN-13479,9295,930.78
WH-IN-0449,LOC-IN-47523,3187,832.84
WH-IN-0450,LOC-IN-08503,5662,1988.58
WH-IN-0451,LOC-IN-21621,7091,4136.22
WH-IN-0452,LOC-IN-15946,1416,2350.12
WH-IN-0453,LOC-IN-06386,9748,3246.62
WH-IN-0454,LOC-IN-04376,737,547.49
WH-IN-0455,LOC-IN-48854,6811,3873.02
WH-IN-0456,LOC-IN-33503,569,4309.62
WH-IN-0457,LOC-IN-47424,2897,2564.5
WH-IN-0458,LOC-IN-21011,9628,560.79
WH-IN-0459,LOC-IN-00367,8734,2079.71
WH-IN-0460,LOC-IN-27900,7262,975.87
WH-IN-0461,LOC-IN-45429,2420,678.96
WH-IN-0462,LOC-IN-34630,7383,1339.42
WH-IN-0463,LOC-IN-02860,2067,2932.89
WH-IN-0464,LOC-IN-00771,6262,3071.67
WH-IN-0465,LOC-IN-10367,3281,4355.18
WH-IN-0466,LOC-IN-32121,8118,1999.82
WH-IN-0467,LOC-IN-44764,5915,4187.65
WH-IN-0468,LOC-IN-27570,8305,3218.26
WH-IN-0469,LOC-IN-09336,5050,1745.12
WH-IN-0470,LOC-IN-07031,5203,4909.62
WH-IN-0471,LOC-IN-01166,715,2119.62
WH-IN-0472,LOC-IN-23904,2274,2701.16
WH-IN-0473,LOC-IN-14547,9226,1575.46
WH-IN-0474,LOC-IN-14622,4480,1922.94
WH-IN-0475,LOC-IN-29281,9645,4149.2
WH-IN-0476,LOC-IN-24417,5394,1089.16
WH-IN-0477,LOC-IN-03248,7249,4666.57
WH-IN-0478,LOC-IN-30298,4928,3300.33
WH-IN-0479,LOC-IN-01476,4908,977.83
WH-IN-0480,LOC-IN-23510,4612,4839.89
WH-IN-0481,LOC-IN-35673,3745,3691.13
WH-IN-0482,LOC-IN-17519,4845,1352.47
WH-IN-0483,LOC-IN-43637,5315,4472.99
WH-IN-0484,LOC-IN-25827,2905,3162.68
WH-IN-0485,LOC-IN-30514,611,827.31
WH-IN-0486,LOC-IN-11885,9099,2100.95
WH-IN-0487,LOC-IN-43702,4929,1543.63
WH-IN-0488,LOC-IN-01333,9055,2755.35
WH-IN-0489,LOC-IN-27580,7531,1442.36
WH-IN-0490,LOC-IN-26049,1248,3234.54
WH-IN-0491,LOC-IN-23795,2538,4088.49
WH-IN-0492,LOC-IN-42755,8626,3790.45
WH-IN-0493,LOC-IN-48152,7770,4921.13
WH-IN-0494,LOC-IN-09532,8836,3542.4
WH-IN-0495,LOC-IN-22716,832,2758.2
WH-IN-0496,LOC-IN-00934,4278,2415.6
WH-IN-0497,LOC-IN-16346,9007,4920.88
WH-IN-0498,LOC-IN-32932,6991,863.57
WH-IN-0499,LOC-IN-32691,6368,3861.59
WH-IN-0500,LOC-IN-17524,6914,4512.85
WH-IN-0501,LOC-IN-44573,3946,4357.28
WH-IN-0502,LOC-IN-40453,4556,4019.83
WH-IN-0503,LOC-IN-35786,9358,3247.03
WH-IN-0504,LOC-IN-26489,9214,3553.33
WH-IN-0505,LOC-IN-07501,9646,572.69
WH-IN-0506,LOC-IN-27815,6164,1315.13
WH-IN-0507,LOC-IN-33262,5738,3714.98
WH-IN-0508,LOC-IN-00649,8100,4275.63
WH-IN-0509,LOC-IN-14526,5009,4316.9
WH-IN-0510,LOC-IN-48451,3780,654.61
WH-IN-0511,LOC-IN-17504,9871,2299.85
WH-IN-0512,LOC-IN-33604,1567,4941.3
WH-IN-0513,LOC-IN-19810,7832,4621.61
WH-IN-0514,LOC-IN-32196,4519,2416.61
WH-IN-0515,LOC-IN-38854,3239,4875.24
WH-IN-0516,LOC-IN-44846,5227,571.86
WH-IN-0517,LOC-IN-08227,690,1840.98
WH-IN-0518,LOC-IN-42701,5098,3383.76
WH-IN-0519,LOC-IN-07649,6288,4013.54
WH-IN-0520,LOC-IN-36807,8707,646.5
WH-IN-0521,LOC-IN-41265,8359,1916.67
WH-IN-0522,LOC-IN-36524,1585,2299.54
WH-IN-0523,LOC-IN-20833,8580,1510.37
WH-IN-0524,LOC-IN-44649,3162,868.96
WH-IN-0525,LOC-IN-33994,1335,2010.11
WH-IN-0526,LOC-IN-30642,5537,1350.68
WH-IN-0527,LOC-IN-01823,9792,3885.51
WH-IN-0528,LOC-IN-04144,806,873.45
WH-IN-0529,LOC-IN-14664,5261,3708.76
WH-IN-0530,LOC-IN-12688,1107,599.01
WH-IN-0531,LOC-IN-34680,8042,848.34
WH-IN-0532,LOC-IN-36046,1801,2251.67
WH-IN-0533,LOC-IN-42579,7724,2016.34
WH-IN-0534,LOC-IN-15730,9753,2998.74
WH-IN-0535,LOC-IN-24013,9040,1991.78
WH-IN-0536,LOC-IN-03663,714,2613.17
WH-IN-0537,LOC-IN-12279,5696,1113.64
WH-IN-0538,LOC-IN-24476,7029,4368.8
WH-IN-0539,LOC-IN-13184,4950,662.75
WH-IN-0540,LOC-IN-34227,4163,2504.0
WH-IN-0541,LOC-IN-12917,8921,3955.04
WH-IN-0542,LOC-IN-32598,5916,2100.16
WH-IN-0543,LOC-IN-24792,6965,2728.36
WH-IN-0544,LOC-IN-24674,1348,1549.31
WH-IN-0545,LOC-IN-40527,9708,2165.35
WH-IN-0546,LOC-IN-36956,1583,3319.95
WH-IN-0547,LOC-IN-28027,8377,4511.93
WH-IN-0548,LOC-IN-08976,6342,1715.72
WH-IN-0549,LOC-IN-47429,9433,692.86
WH-IN-0550,LOC-IN-14757,910,3453.22
WH-IN-0551,LOC-IN-42752,4929,1399.78
WH-IN-0552,LOC-IN-10730,7228,3216.5
WH-IN-0553,LOC-IN-07525,8275,4003.8
WH-IN-0554,LOC-IN-04936,8323,2122.31
WH-IN-0555,LOC-IN-04296,6955,1351.2
WH-IN-0556,LOC-IN-39260,5471,3352.0
WH-IN-0557,LOC-IN-10756,4374,2323.31
WH-IN-0558,LOC-IN-44637,7903,1582.84
WH-IN-0559,LOC-IN-16901,6972,1628.03
WH-IN-0560,LOC-IN-24097,4968,1544.18
WH-IN-0561,LOC-IN-12141,8537,649.28
WH-IN-0562,LOC-IN-46727,9342,680.53
WH-IN-0563,LOC-IN-40551,5773,4167.54
WH-IN-0564,LOC-IN-25087,6603,575.76
WH-IN-0565,LOC-IN-40242,9873,553.63
WH-IN-0566,LOC-IN-13211,3501,679.9
WH-IN-0567,LOC-IN-43814,6394,2990.34
WH-IN-0568,LOC-IN-42469,6504,3095.81
WH-IN-0569,LOC-IN-13536,1966,4582.3
WH-IN-0570,LOC-IN-07269,2660,2818.85
WH-IN-0571,LOC-IN-38817,4998,1120.01
WH-IN-0572,LOC-IN-25092,4570,2736.95
WH-IN-0573,LOC-IN-45028,4805,4050.42
WH-IN-0574,LOC-IN-23140,7288,924.14
WH-IN-0575,LOC-IN-00410,8223,3842.84
WH-IN-0576,LOC-IN-41524,8600,1586.18
WH-IN-0577,LOC-IN-26111,5152,2741.76
WH-IN-0578,LOC-IN-34280,9679,4703.05
WH-IN-0579,LOC-IN-02394,1511,4106.12
WH-IN-0580,LOC-IN-04115,7529,1370.72
WH-IN-0581,LOC-IN-02130,9995,4902.67
WH-IN-0582,LOC-IN-36827,6345,4368.59
WH-IN-0583,LOC-IN-22181,3958,3601.33
WH-IN-0584,LOC-IN-43798,2140,3291.29
WH-IN-0585,LOC-IN-47929,3682,3396.32
WH-IN-0586,LOC-IN-01897,980,2567.42
WH-IN-0587,LOC-IN-13925,8603,4190.83
WH-IN-0588,LOC-IN-21867,9895,1749.3
WH-IN-0589,LOC-IN-29829,6235,3485.86
WH-IN-0590,LOC-IN-04217,1346,3664.76
WH-IN-0591,LOC-IN-05594,9902,3002.18
WH-IN-0592,LOC-IN-41233,9837,2801.12
WH-IN-0593,LOC-IN-35785,3070,1768.64
WH-IN-0594,LOC-IN-28404,7324,4778.38
WH-IN-0595,LOC-IN-12548,7510,3360.48
WH-IN-0596,LOC-IN-28384,8686,1710.95
WH-IN-0597,LOC-IN-40750,9163,4353.78
WH-IN-0598,LOC-IN-41388,7320,2655.2
WH-IN-0599,LOC-IN-10372,5128,3464.03
WH-IN-0600,LOC-IN-13727,3737,4375.61
WH-IN-0601,LOC-IN-04118,9041,570.57
WH-IN-0602,LOC-IN-28213,6827,2653.17
WH-IN-0603,LOC-IN-05964,5206,1603.53
WH-IN-0604,LOC-IN-02809,8110,3133.27
WH-IN-0605,LOC-IN-16880,9670,4639.74
WH-IN-0606,LOC-IN-22389,6774,2700.31
WH-IN-0607,LOC-IN-46883,9245,1636.86
WH-IN-0608,LOC-IN-18049,4124,1186.54
WH-IN-0609,LOC-IN-42910,5214,2344.37
WH-IN-0610,LOC-IN-41630,4769,4480.76
WH-IN-0611,LOC-IN-38000,1271,4817.93
WH-IN-0612,LOC-IN-18788,8592,3648.24
WH-IN-0613,LOC-IN-22481,4010,2982.98
WH-IN-0614,LOC-IN-19160,6236,3273.85
WH-IN-0615,LOC-IN-04464,5124,3702.33
WH-IN-0616,LOC-IN-16884,8596,2150.62
WH-IN-0617,LOC-IN-10910,5193,1929.78
WH-IN-0618,LOC-IN-40119,9410,2312.01
WH-IN-0619,LOC-IN-20493,9238,2569.74
WH-IN-0620,LOC-IN-07084,6675,2139.42
WH-IN-0621,LOC-IN-02834,3618,1733.32
WH-IN-0622,LOC-IN-41989,2086,4978.58
WH-IN-0623,LOC-IN-31508,2230,3886.84
WH-IN-0624,LOC-IN-43264,9415,4169.37
WH-IN-0625,LOC-IN-04782,4219,3784.66
WH-IN-0626,LOC-IN-28272,4433,811.23
WH-IN-0627,LOC-IN-37822,4387,985.16
WH-IN-0628,LOC-IN-10919,9889,942.12
WH-IN-0629,LOC-IN-26892,7763,1267.86
WH-IN-0630,LOC-IN-01473,7402,4595.03
WH-IN-0631,LOC-IN-02648,7565,3576.37
WH-IN-0632,LOC-IN-12481,3156,1591.97
WH-IN-0633,LOC-IN-34819,8292,4280.73
WH-IN-0634,LOC-IN-40344,4683,1347.59
WH-IN-0635,LOC-IN-36382,2862,4727.76
WH-IN-0636,LOC-IN-47025,7298,3679.35
WH-IN-0637,LOC-IN-41611,1530,2943.4
WH-IN-0638,LOC-IN-05398,7067,2639.52
WH-IN-0639,LOC-IN-03413,9924,3231.49
WH-IN-0640,LOC-IN-28371,2039,4885.3
WH-IN-0641,LOC-IN-05348,8807,2317.44
WH-IN-0642,LOC-IN-41936,2338,3751.98
WH-IN-0643,LOC-IN-38790,3155,1432.0
WH-IN-0644,LOC-IN-13164,8391,4540.88
WH-IN-0645,LOC-IN-44278,2395,2389.71
WH-IN-0646,LOC-IN-48874,6639,4054.94
WH-IN-0647,LOC-IN-27577,1097,2671.66
WH-IN-0648,LOC-IN-01379,5954,4297.59
WH-IN-0649,LOC-IN-12458,4732,4043.84
WH-IN-0650,LOC-IN-00437,4441,3716.28
WH-IN-0651,LOC-IN-26723,1386,1400.11
WH-IN-0652,LOC-IN-00720,7487,2392.2
WH-IN-0653,LOC-IN-49189,1028,3688.88
WH-IN-0654,LOC-IN-25310,6621,691.85
WH-IN-0655,LOC-IN-36698,941,2829.33
WH-IN-0656,LOC-IN-35722,9104,3199.79
WH-IN-0657,LOC-IN-33919,1939,3687.91
WH-IN-0658,LOC-IN-13418,3234,586.88
WH-IN-0659,LOC-IN-06584,8846,4403.96
WH-IN-0660,LOC-IN-01685,1138,3179.0
WH-IN-0661,LOC-IN-28587,5233,4660.61
WH-IN-0662,LOC-IN-49367,6565,3166.38
WH-IN-0663,LOC-IN-31246,5086,4615.13
WH-IN-0664,LOC-IN-02967,2170,4701.29
WH-IN-0665,LOC-IN-45951,9017,1349.84
WH-IN-0666,LOC-IN-27706,5726,4683.11
WH-IN-0667,LOC-IN-43804,6010,4044.2
WH-IN-0668,LOC-IN-43246,8103,3297.21
WH-IN-0669,LOC-IN-26174,4171,1690.02
WH-IN-0670,LOC-IN-12359,9442,4628.93
WH-IN-0671,LOC-IN-34700,4687,3955.62
WH-IN-0672,LOC-IN-16008,9575,4881.78
WH-IN-0673,LOC-IN-09510,2420,2391.73
WH-IN-0674,LOC-IN-24761,8263,3994.09
WH-IN-0675,LOC-IN-31569,1509,2333.12
WH-IN-0676,LOC-IN-13051,9701,3121.8
WH-IN-0677,LOC-IN-09511,8308,2582.67
WH-IN-0678,LOC-IN-22886,985,3063.27
WH-IN-0679,LOC-IN-13992,6722,2376.65
WH-IN-0680,LOC-IN-37271,1698,661.21
WH-IN-0681,LOC-IN-44208,7773,3319.38
WH-IN-0682,LOC-IN-48869,2500,545.34
WH-IN-0683,LOC-IN-00833,7333,3522.43
WH-IN-0684,LOC-IN-38102,6444,3260.25
WH-IN-0685,LOC-IN-23651,1911,4963.17
WH-IN-0686,LOC-IN-21230,3412,4900.8
WH-IN-0687,LOC-IN-29808,3558,3271.14
WH-IN-0688,LOC-IN-03480,2725,1977.61
WH-IN-0689,LOC-IN-37428,4343,1826.33
WH-IN-0690,LOC-IN-40204,9357,3172.72
WH-IN-0691,LOC-IN-43526,5527,2896.59
WH-IN-0692,LOC-IN-26581,2616,1990.29
WH-IN-0693,LOC-IN-26476,6927,634.42
WH-IN-0694,LOC-IN-37858,6392,4280.36
WH-IN-0695,LOC-IN-01361,9335,1858.19
WH-IN-0696,LOC-IN-31257,6234,3756.53
WH-IN-0697,LOC-IN-34806,6488,1144.81
WH-IN-0698,LOC-IN-47217,4990,4914.73
WH-IN-0699,LOC-IN-00494,7070,4101.46
WH-IN-0700,LOC-IN-40556,1060,4742.34
WH-IN-0701,LOC-IN-39542,4609,4997.26
WH-IN-0702,LOC-IN-43866,1430,2998.23
WH-IN-0703,LOC-IN-49129,8553,4752.27
WH-IN-0704,LOC-IN-47333,1258,2367.68
WH-IN-0705,LOC-IN-39392,5542,2172.2
WH-IN-0706,LOC-IN-07026,9627,2778.99
WH-IN-0707,LOC-IN-01226,8010,2626.33
WH-IN-0708,LOC-IN-17346,806,2340.72
WH-IN-0709,LOC-IN-13902,7348,1764.79
WH-IN-0710,LOC-IN-29937,3226,1096.59
WH-IN-0711,LOC-IN-23582,8525,4689.79
WH-IN-0712,LOC-IN-10548,5786,2139.56
WH-IN-0713,LOC-IN-45829,7897,635.72
WH-IN-0714,LOC-IN-26404,5430,1298.95
WH-IN-0715,LOC-IN-34454,9536,4978.11
WH-IN-0716,LOC-IN-07515,5047,4229.66
WH-IN-0717,LOC-IN-15570,4700,901.01
WH-IN-0718,LOC-IN-33878,8681,3100.2
WH-IN-0719,LOC-IN-39405,8642,3649.94
WH-IN-0720,LOC-IN-14536,2306,3675.75
WH-IN-0721,LOC-IN-19204,7919,3608.13
WH-IN-0722,LOC-IN-48776,5360,976.42
WH-IN-0723,LOC-IN-39530,3328,1538.17
WH-IN-0724,LOC-IN-40133,572,3820.86
WH-IN-0725,LOC-IN-47670,3372,4098.44
WH-IN-0726,LOC-IN-16656,9094,1134.04
WH-IN-0727,LOC-IN-19695,9557,1718.39
WH-IN-0728,LOC-IN-20174,7178,2411.57
WH-IN-0729,LOC-IN-06864,1832,4570.69
WH-IN-0730,LOC-IN-22934,8721,2205.28
WH-IN-0731,LOC-IN-45798,5953,3762.22
WH-IN-0732,LOC-IN-19633,5451,4616.22
WH-IN-0733,LOC-IN-35065,5120,2138.76
WH-IN-0734,LOC-IN-24977,2590,1582.71
WH-IN-0735,LOC-IN-13962,4463,1915.26
WH-IN-0736,LOC-IN-14350,3005,1131.24
WH-IN-0737,LOC-IN-34988,9336,4071.1
WH-IN-0738,LOC-IN-12898,7984,3366.62
WH-IN-0739,LOC-IN-30415,1893,1917.09
WH-IN-0740,LOC-IN-11424,8718,1800.54
WH-IN-0741,LOC-IN-24355,5095,2925.47
WH-IN-0742,LOC-IN-15552,2784,1941.75
WH-IN-0743,LOC-IN-28855,654,2198.02
WH-IN-0744,LOC-IN-34182,7852,1322.82
WH-IN-0745,LOC-IN-28819,2511,4717.21
WH-IN-0746,LOC-IN-38832,3096,4784.9
WH-IN-0747,LOC-IN-01258,4345,1757.65
WH-IN-0748,LOC-IN-19721,2026,1899.83
WH-IN-0749,LOC-IN-31771,9476,3610.82
WH-IN-0750,LOC-IN-33304,7293,2898.34
WH-IN-0751,LOC-IN-39762,897,4406.39
WH-IN-0752,LOC-IN-22028,4279,3525.86
WH-IN-0753,LOC-IN-47883,3463,4925.52
WH-IN-0754,LOC-IN-48200,2104,3522.49
WH-IN-0755,LOC-IN-22638,1025,1012.55
WH-IN-0756,LOC-IN-41154,9174,1088.26
WH-IN-0757,LOC-IN-15469,989,2670.52
WH-IN-0758,LOC-IN-34010,1723,2763.45
WH-IN-0759,LOC-IN-07447,4706,1161.7
WH-IN-0760,LOC-IN-13885,4489,929.04
WH-IN-0761,LOC-IN-21664,6597,1802.97
WH-IN-0762,LOC-IN-24221,5554,1798.51
WH-IN-0763,LOC-IN-10303,1221,967.66
WH-IN-0764,LOC-IN-05083,7948,1230.15
WH-IN-0765,LOC-IN-38899,6004,4249.74
WH-IN-0766,LOC-IN-36376,2021,2351.12
WH-IN-0767,LOC-IN-04380,1284,4535.23
WH-IN-0768,LOC-IN-03364,5266,4569.65
WH-IN-0769,LOC-IN-46590,785,4965.57
WH-IN-0770,LOC-IN-05174,3783,1012.6
WH-IN-0771,LOC-IN-23484,2747,827.31
WH-IN-0772,LOC-IN-30674,9238,2548.78
WH-IN-0773,LOC-IN-33546,3206,3294.74
WH-IN-0774,LOC-IN-33723,6896,2818.91
WH-IN-0775,LOC-IN-39867,8631,4662.39
WH-IN-0776,LOC-IN-22540,2078,3863.54
WH-IN-0777,LOC-IN-28187,9125,4749.17
WH-IN-0778,LOC-IN-27440,8938,1599.46
WH-IN-0779,LOC-IN-04991,6304,3209.23
WH-IN-0780,LOC-IN-19236,4952,3857.75
WH-IN-0781,LOC-IN-27831,8732,1812.66
WH-IN-0782,LOC-IN-18834,4287,2773.06
WH-IN-0783,LOC-IN-31831,4657,4417.85
WH-IN-0784,LOC-IN-40511,854,3790.72
WH-IN-0785,LOC-IN-37032,9269,1567.06
WH-IN-0786,LOC-IN-08306,3756,4565.65
WH-IN-0787,LOC-IN-22809,7271,4355.5
WH-IN-0788,LOC-IN-27752,7558,1548.25
WH-IN-0789,LOC-IN-04689,5078,2342.99
WH-IN-0790,LOC-IN-31529,8753,2512.12
WH-IN-0791,LOC-IN-03886,9351,714.75
WH-IN-0792,LOC-IN-07667,1486,3443.04
WH-IN-0793,LOC-IN-27353,4933,2460.64
WH-IN-0794,LOC-IN-33018,5132,2920.26
WH-IN-0795,LOC-IN-38106,1552,3442.39
WH-IN-0796,LOC-IN-45990,5184,4049.94
WH-IN-0797,LOC-IN-23168,675,2383.41
WH-IN-0798,LOC-IN-39777,5814,1606.86
WH-IN-0799,LOC-IN-03143,7638,2716.62
WH-IN-0800,LOC-IN-03667,1694,2588.76
WH-IN-0801,LOC-IN-27327,8375,1828.99
WH-IN-0802,LOC-IN-14040,7059,1780.22
WH-IN-0803,LOC-IN-40275,5675,2160.12
WH-IN-0804,LOC-IN-06184,787,2803.23
WH-IN-0805,LOC-IN-13610,6896,3479.83
WH-IN-0806,LOC-IN-21050,8153,1969.9
WH-IN-0807,LOC-IN-48465,2302,2141.29
WH-IN-0808,LOC-IN-30036,4335,4848.32
WH-IN-0809,LOC-IN-45761,9086,2836.65
WH-IN-0810,LOC-IN-36949,8393,1589.46
WH-IN-0811,LOC-IN-29021,6154,2474.43
WH-IN-0812,LOC-IN-09475,4573,931.36
WH-IN-0813,LOC-IN-22579,9076,3207.03
WH-IN-0814,LOC-IN-00939,6883,1462.15
WH-IN-0815,LOC-IN-23859,8016,989.82
WH-IN-0816,LOC-IN-43893,9634,4338.12
WH-IN-0817,LOC-IN-48155,5600,1548.99
WH-IN-0818,LOC-IN-24086,6815,4659.5
WH-IN-0819,LOC-IN-11006,4480,3738.23
WH-IN-0820,LOC-IN-43176,6215,1940.89
WH-IN-0821,LOC-IN-00181,8109,1057.9
WH-IN-0822,LOC-IN-13586,2454,1267.24
WH-IN-0823,LOC-IN-47547,1372,4735.85
WH-IN-0824,LOC-IN-14620,6307,2905.69
WH-IN-0825,LOC-IN-37467,8162,1673.73
WH-IN-0826,LOC-IN-28117,6364,2987.29
WH-IN-0827,LOC-IN-43839,1339,4422.13
WH-IN-0828,LOC-IN-32871,4672,2938.33
WH-IN-0829,LOC-IN-19351,6648,4052.54
WH-IN-0830,LOC-IN-15739,4173,2488.73
WH-IN-0831,LOC-IN-29970,2025,2315.97
WH-IN-0832,LOC-IN-30776,6943,2786.77
WH-IN-0833,LOC-IN-35228,4243,1211.03
WH-IN-0834,LOC-IN-32640,3669,1847.28
WH-IN-0835,LOC-IN-25580,6584,2382.57
WH-IN-0836,LOC-IN-41800,5464,3566.99
WH-IN-0837,LOC-IN-47527,5075,1061.58
WH-IN-0838,LOC-IN-31440,7540,2060.2
WH-IN-0839,LOC-IN-41090,4186,692.98
WH-IN-0840,LOC-IN-05776,1163,3801.68
WH-IN-0841,LOC-IN-23862,4677,4698.77
WH-IN-0842,LOC-IN-18522,3630,3517.08
WH-IN-0843,LOC-IN-26850,3589,2855.67
WH-IN-0844,LOC-IN-32110,2428,1954.54
WH-IN-0845,LOC-IN-21065,2729,1012.41
WH-IN-0846,LOC-IN-01345,9636,3458.06
WH-IN-0847,LOC-IN-11361,9527,4161.72
WH-IN-0848,LOC-IN-35498,6392,946.45
WH-IN-0849,LOC-IN-07416,2854,534.17
WH-IN-0850,LOC-IN-33399,8808,3065.92
WH-IN-0851,LOC-IN-13244,8072,3746.57
WH-IN-0852,LOC-IN-43320,4722,1986.97
WH-IN-0853,LOC-IN-10872,5551,4390.28
WH-IN-0854,LOC-IN-24472,6447,4414.19
WH-IN-0855,LOC-IN-07775,4158,1174.31
WH-IN-0856,LOC-IN-39567,972,4996.23
WH-IN-0857,LOC-IN-13367,3309,3627.62
WH-IN-0858,LOC-IN-04970,1105,552.81
WH-IN-0859,LOC-IN-03964,7324,4014.86
WH-IN-0860,LOC-IN-32098,3559,1911.61
WH-IN-0861,LOC-IN-39985,2348,962.07
WH-IN-0862,LOC-IN-09937,9724,3828.52
WH-IN-0863,LOC-IN-08318,1543,3719.42
WH-IN-0864,LOC-IN-30304,799,4615.0
WH-IN-0865,LOC-IN-21844,2453,2701.36
WH-IN-0866,LOC-IN-36188,1433,635.05
WH-IN-0867,LOC-IN-48886,9988,4448.07
WH-IN-0868,LOC-IN-32088,8783,1198.77
WH-IN-0869,LOC-IN-11535,3039,3021.5
WH-IN-0870,LOC-IN-06259,8639,1006.73
WH-IN-0871,LOC-IN-17273,4136,2130.65
WH-IN-0872,LOC-IN-20216,6464,1354.47
WH-IN-0873,LOC-IN-20558,1930,2600.28
WH-IN-0874,LOC-IN-04772,7520,1197.92
WH-IN-0875,LOC-IN-18890,9900,3745.87
WH-IN-0876,LOC-IN-23049,671,3306.53
WH-IN-0877,LOC-IN-25333,7749,2081.08
WH-IN-0878,LOC-IN-26561,6784,4726.35
WH-IN-0879,LOC-IN-09968,1266,1798.81
WH-IN-0880,LOC-IN-25743,4213,696.89
WH-IN-0881,LOC-IN-15803,4105,4384.52
WH-IN-0882,LOC-IN-07990,3067,4781.95
WH-IN-0883,LOC-IN-21037,942,1596.14
WH-IN-0884,LOC-IN-18510,8776,977.66
WH-IN-0885,LOC-IN-14819,2185,2428.57
WH-IN-0886,LOC-IN-38556,8832,568.02
WH-IN-0887,LOC-IN-14044,7372,718.72
WH-IN-0888,LOC-IN-49934,1261,2923.9
WH-IN-0889,LOC-IN-18517,9413,1667.07
WH-IN-0890,LOC-IN-48432,4882,2260.46
WH-IN-0891,LOC-IN-42267,7023,2421.24
WH-IN-0892,LOC-IN-38789,9326,2793.75
WH-IN-0893,LOC-IN-12933,3507,3325.82
WH-IN-0894,LOC-IN-06746,9439,983.09
WH-IN-0895,LOC-IN-32058,3043,3524.71
WH-IN-0896,LOC-IN-38740,8529,1900.46
WH-IN-0897,LOC-IN-42898,1990,3462.41
WH-IN-0898,LOC-IN-26116,4632,1144.16
WH-IN-0899,LOC-IN-13750,8437,692.36
WH-IN-0900,LOC-IN-29155,5203,1334.13
WH-IN-0901,LOC-IN-35407,1312,1027.54
WH-IN-0902,LOC-IN-32625,9532,2115.37
WH-IN-0903,LOC-IN-21228,6793,2531.87
WH-IN-0904,LOC-IN-39908,3874,2452.57
WH-IN-0905,LOC-IN-31104,696,1143.59
WH-IN-0906,LOC-IN-08308,3166,4544.16
WH-IN-0907,LOC-IN-13749,4404,3357.32
WH-IN-0908,LOC-IN-41210,4726,1407.72
WH-IN-0909,LOC-IN-19507,9432,2507.35
WH-IN-0910,LOC-IN-20549,1013,2721.22
WH-IN-0911,LOC-IN-42151,6926,2328.5
WH-IN-0912,LOC-IN-41668,4894,4402.29
WH-IN-0913,LOC-IN-05325,6297,2562.99
WH-IN-0914,LOC-IN-49118,1887,1734.75
WH-IN-0915,LOC-IN-11252,3434,2656.76
WH-IN-0916,LOC-IN-17534,8211,3173.09
WH-IN-0917,LOC-IN-21034,2253,4115.85
WH-IN-0918,LOC-IN-40744,3415,3542.8
WH-IN-0919,LOC-IN-25609,3970,2293.34
WH-IN-0920,LOC-IN-45611,7083,2256.52
WH-IN-0921,LOC-IN-27104,1390,2828.64
WH-IN-0922,LOC-IN-23092,6158,4931.65
WH-IN-0923,LOC-IN-07668,2631,2135.55
WH-IN-0924,LOC-IN-33338,8331,4695.98
WH-IN-0925,LOC-IN-02953,3472,4881.05
WH-IN-0926,LOC-IN-38481,6165,2777.28
WH-IN-0927,LOC-IN-38857,9210,2817.77
WH-IN-0928,LOC-IN-17804,7106,4722.06
WH-IN-0929,LOC-IN-03191,736,1581.77
WH-IN-0930,LOC-IN-49798,8052,2688.72
WH-IN-0931,LOC-IN-22909,2939,2744.49
WH-IN-0932,LOC-IN-20381,2464,3464.8
WH-IN-0933,LOC-IN-38121,7544,741.43
WH-IN-0934,LOC-IN-23661,2551,2264.64
WH-IN-0935,LOC-IN-18494,1102,2841.38
WH-IN-0936,LOC-IN-16329,933,997.65
WH-IN-0937,LOC-IN-32011,5283,2914.1
WH-IN-0938,LOC-IN-42466,2188,1199.35
WH-IN-0939,LOC-IN-08997,2592,3414.28
WH-IN-0940,LOC-IN-14255,9010,3383.12
WH-IN-0941,LOC-IN-06816,3401,1012.13
WH-IN-0942,LOC-IN-46863,1292,4373.36
WH-IN-0943,LOC-IN-26117,5882,786.89
WH-IN-0944,LOC-IN-15024,5464,4186.93
WH-IN-0945,LOC-IN-00375,1903,2835.69
WH-IN-0946,LOC-IN-20098,9445,2193.08
WH-IN-0947,LOC-IN-37387,1828,1759.67
WH-IN-0948,LOC-IN-43968,8438,2596.75
WH-IN-0949,LOC-IN-18925,6468,4367.95
WH-IN-0950,LOC-IN-09957,8930,4964.53
WH-IN-0951,LOC-IN-17028,7737,2582.05
WH-IN-0952,LOC-IN-47252,2972,4001.08
WH-IN-0953,LOC-IN-20923,6632,4843.91
WH-IN-0954,LOC-IN-29566,3630,623.61
WH-IN-0955,LOC-IN-29017,3260,1258.25
WH-IN-0956,LOC-IN-32407,2994,4966.76
WH-IN-0957,LOC-IN-15104,6038,2380.86
WH-IN-0958,LOC-IN-28797,3473,3656.11
WH-IN-0959,LOC-IN-06721,2281,3766.65
WH-IN-0960,LOC-IN-30691,2949,1341.06
WH-IN-0961,LOC-IN-32658,5796,3983.96
WH-IN-0962,LOC-IN-07885,6260,3235.51
WH-IN-0963,LOC-IN-15052,8033,2684.17
WH-IN-0964,LOC-IN-49085,5597,1954.56
WH-IN-0965,LOC-IN-07413,7348,1413.2
WH-IN-0966,LOC-IN-24821,8283,3787.78
WH-IN-0967,LOC-IN-22846,8949,4965.44
WH-IN-0968,LOC-IN-15086,7417,4295.12
WH-IN-0969,LOC-IN-37656,1434,724.01
WH-IN-0970,LOC-IN-20055,7166,709.27
WH-IN-0971,LOC-IN-32111,5415,4120.64
WH-IN-0972,LOC-IN-34743,5964,4706.97
WH-IN-0973,LOC-IN-14975,5208,3455.98
WH-IN-0974,LOC-IN-35374,6916,4715.41
WH-IN-0975,LOC-IN-11695,6515,2364.25
WH-IN-0976,LOC-IN-44489,7855,817.45
WH-IN-0977,LOC-IN-26636,9358,753.02
WH-IN-0978,LOC-IN-19307,2365,965.87
WH-IN-0979,LOC-IN-05511,3311,3940.68
WH-IN-0980,LOC-IN-20432,9264,2290.59
WH-IN-0981,LOC-IN-03192,2858,4252.23
WH-IN-0982,LOC-IN-47296,5589,3195.59
WH-IN-0983,LOC-IN-10294,1087,3237.67
WH-IN-0984,LOC-IN-00288,4072,3962.09
WH-IN-0985,LOC-IN-02154,9809,917.72
WH-IN-0986,LOC-IN-20733,5699,1837.37
WH-IN-0987,LOC-IN-04589,6952,1138.96
WH-IN-0988,LOC-IN-27895,1099,2008.76
WH-IN-0989,LOC-IN-15657,9330,3085.42
WH-IN-0990,LOC-IN-48741,2833,4955.54
WH-IN-0991,LOC-IN-30693,6810,2668.89
WH-IN-0992,LOC-IN-45964,3122,3126.76
WH-IN-0993,LOC-IN-49272,725,639.12
WH-IN-0994,LOC-IN-49047,7077,1417.14
WH-IN-0995,LOC-IN-30745,2857,2798.32
WH-IN-0996,LOC-IN-37316,5171,2521.19
WH-IN-0997,LOC-IN-35922,2539,3489.53
WH-IN-0998,LOC-IN-21291,2566,4997.71
WH-IN-0999,LOC-IN-32853,6746,798.03
WH-IN-1000,LOC-IN-15528,7435,2914.59
